Project,Accuracy_Min,FDR_Min,Accuracy_Max,FDR_Max,Accuracy_Mean,FDR_Mean,Accuracy_Total,FDR_Total
Cli,0.09090909090909091,0.09090909090909091,0.07575757575757576,0.09090909090909091,0.10606060606060606,0.12121212121212122,0.16666666666666666,0.18181818181818182
Math,0.06944444444444445,0.1111111111111111,0.06944444444444445,0.1111111111111111,0.06944444444444445,0.1111111111111111,0.1111111111111111,0.16666666666666666
Csv,0.21875,0.25,0.125,0.1875,0.34375,0.375,0.4895833333333333,0.5625
Gson,0.2486772486772487,0.3333333333333333,0.13756613756613756,0.2222222222222222,0.19312169312169314,0.2777777777777778,0.15740740740740738,0.2222222222222222
Lang,0.21225071225071224,0.3076923076923077,0.21225071225071224,0.3076923076923077,0.21225071225071224,0.3076923076923077,0.12962962962962962,0.23076923076923078
Codec,0.3212962962962963,0.4444444444444444,0.3101851851851852,0.3888888888888889,0.3101851851851852,0.3888888888888889,0.3055555555555556,0.3333333333333333
Jsoup,0.2629288274449565,0.3010752688172043,0.2542242703533026,0.3010752688172043,0.24257552483358932,0.3010752688172043,0.28840245775729645,0.3548387096774194
Compress,0.40177304964539007,0.46808510638297873,0.44964539007092197,0.5106382978723404,0.38581560283687943,0.44680851063829785,0.35177304964539,0.40425531914893614
Mockito,0.09009543088490457,0.21052631578947367,0.10325332562174667,0.23684210526315788,0.1164112203585888,0.23684210526315788,0.10454983612878349,0.21052631578947367
