Project,Accuracy_Min,FDR_Min,Accuracy_Max,FDR_Max,Accuracy_Mean,FDR_Mean,Accuracy_Total,FDR_Total
Cli,0.15151515151515152,0.21212121212121213,0.16666666666666666,0.21212121212121213,0.16666666666666666,0.21212121212121213,0.21212121212121213,0.24242424242424243
Math,0.2152777777777778,0.2777777777777778,0.2152777777777778,0.2777777777777778,0.2152777777777778,0.2777777777777778,0.2569444444444444,0.3611111111111111
Csv,0.46875,0.5,0.6875,0.6875,0.6875,0.6875,0.71875,0.75
Gson,0.5515873015873015,0.7222222222222222,0.45899470899470907,0.6111111111111112,0.5145502645502646,0.6666666666666666,0.4867724867724868,0.6111111111111112
Lang,0.46011396011396005,0.5384615384615384,0.46011396011396005,0.5384615384615384,0.46011396011396005,0.5384615384615384,0.30911680911680917,0.38461538461538464
Codec,0.5648148148148148,0.6666666666666666,0.537037037037037,0.6111111111111112,0.5648148148148148,0.6666666666666666,0.5925925925925926,0.6666666666666666
Jsoup,0.5458269329237071,0.6236559139784946,0.5302099334357399,0.6021505376344086,0.5263696876600102,0.6021505376344086,0.5453149001536098,0.6021505376344086
Compress,0.5411347517730497,0.5957446808510638,0.6182624113475177,0.6808510638297872,0.626241134751773,0.6808510638297872,0.5891843971631205,0.6382978723404256
Mockito,0.2150086755349913,0.3684210526315789,0.24132446500867552,0.39473684210526316,0.25448235974551764,0.42105263157894735,0.16986697513013302,0.3157894736842105
