Project,Accuracy_Min,FDR_Min,Accuracy_Max,FDR_Max,Accuracy_Mean,FDR_Mean,Accuracy_Total,FDR_Total
Cli,0.25757575757575757,0.30303030303030304,0.24242424242424243,0.2727272727272727,0.24242424242424243,0.2727272727272727,0.24242424242424243,0.2727272727272727
Math,0.3263888888888889,0.3611111111111111,0.3263888888888889,0.3611111111111111,0.3263888888888889,0.3611111111111111,0.3263888888888889,0.4166666666666667
Csv,0.9166666666666666,0.9375,0.8125,0.8125,0.8125,0.8125,0.8125,0.8125
Gson,0.6970899470899471,0.8333333333333334,0.7526455026455027,0.8888888888888888,0.7526455026455027,0.8888888888888888,0.816137566137566,0.8888888888888888
Lang,0.5897435897435896,0.6153846153846154,0.5897435897435896,0.6153846153846154,0.5897435897435896,0.6153846153846154,0.5213675213675214,0.5384615384615384
Codec,0.8425925925925926,0.8888888888888888,0.8148148148148148,0.8888888888888888,0.8148148148148148,0.8888888888888888,0.800925925925926,0.8888888888888888
Jsoup,0.7617767537122375,0.8172043010752689,0.769073220686124,0.8387096774193549,0.7493599590373784,0.8064516129032258,0.7350230414746545,0.7956989247311828
Compress,0.7014184397163121,0.7446808510638298,0.7652482269503545,0.8085106382978723,0.7439716312056737,0.7872340425531915,0.8659574468085107,0.8936170212765957
Mockito,0.3195585116637748,0.42105263157894735,0.3327164064006169,0.4473684210526316,0.3327164064006169,0.4473684210526316,0.25996240601503756,0.39473684210526316
