Project,Accuracy_Min,FDR_Min,Accuracy_Max,FDR_Max,Accuracy_Mean,FDR_Mean,Accuracy_Total,FDR_Total
jsoup,0.5779569892473118,0.6344086021505376,0.5385304659498208,0.5806451612903226,0.5591397849462365,0.5913978494623656,0.5051203277009728,0.5376344086021505
gson,0.6481481481481481,0.6666666666666666,0.3571428571428571,0.4444444444444444,0.6164021164021164,0.6666666666666666,0.45370370370370366,0.5
csv,0.65625,0.6875,0.6354166666666667,0.6875,0.7395833333333333,0.8125,0.6875,0.6875
cli,0.13636363636363635,0.15151515151515152,0.10606060606060606,0.15151515151515152,0.18181818181818182,0.21212121212121213,0.22727272727272727,0.2727272727272727
math,0.25,0.2777777777777778,0.2569444444444444,0.3055555555555556,0.2916666666666667,0.3055555555555556,0.2222222222222222,0.25
codec,0.6944444444444444,0.7222222222222222,0.6111111111111112,0.6111111111111112,0.7222222222222222,0.7222222222222222,0.5601851851851852,0.6111111111111112
mockito,0.1889820705610179,0.2631578947368421,0.23594563331405438,0.34210526315789475,0.3092828224407172,0.39473684210526316,0.2775689223057644,0.39473684210526316
lang,0.38461538461538464,0.38461538461538464,0.46153846153846156,0.46153846153846156,0.46153846153846156,0.46153846153846156,0.46153846153846156,0.46153846153846156
compress,0.6468085106382978,0.6595744680851063,0.5638297872340425,0.574468085106383,0.6382978723404256,0.6382978723404256,0.6035460992907802,0.6382978723404256
